<?xml version="1.0" encoding="UTF-8"?>
<configurationDescriptor version="100">
  <logicalFolder name="root" displayName="root" projectFiles="true" kind="ROOT">
    <df root="." name="0">
      <in>platformio.ini</in>
    </df>
    <logicalFolder name="ExternalFiles"
                   displayName="Important Files"
                   projectFiles="false"
                   kind="IMPORTANT_FILES_FOLDER">
      <itemPath>nbproject/private/launcher.properties</itemPath>
    </logicalFolder>
  </logicalFolder>
  <sourceFolderFilter>^(nbproject|.pioenvs)$</sourceFolderFilter>
  <sourceRootList>
    <Elem>.</Elem>
  </sourceRootList>
  <projectmakefile></projectmakefile>
  <confs>
    <conf name="Default" type="0">
      <toolsSet>
        <compilerSet>default</compilerSet>
        <dependencyChecking>false</dependencyChecking>
        <rebuildPropChanged>false</rebuildPropChanged>
      </toolsSet>
      <codeAssistance>
        <includeAdditional>true</includeAdditional>
      </codeAssistance>
      <makefileType>
        <makeTool>
          <buildCommandWorkingDir>.</buildCommandWorkingDir>
          <buildCommand>/usr/local/bin/platformio -f -c netbeans run</buildCommand>
          <cleanCommand>/usr/local/bin/platformio -f -c netbeans run --target clean</cleanCommand>
          <executablePath></executablePath>
          <cTool>
            <incDir>
              <pElem>src</pElem>
              <pElem>/Users/jhonep/.platformio/packages/framework-arduinoavr/cores/arduino</pElem>
              <pElem>/Users/jhonep/.platformio/packages/framework-arduinoavr/variants/yun</pElem>
              <pElem>/Volumes/Uaoiot/AndroidLib1.4/src</pElem>
              <pElem>/Users/jhonep/.platformio/packages/framework-arduinoavr/libraries/__cores__/arduino/EEPROM/src</pElem>
              <pElem>/Users/jhonep/.platformio/packages/framework-arduinoavr/libraries/__cores__/arduino/HID/src</pElem>
              <pElem>/Users/jhonep/.platformio/packages/framework-arduinoavr/libraries/__cores__/arduino/SPI/src</pElem>
              <pElem>/Users/jhonep/.platformio/packages/framework-arduinoavr/libraries/__cores__/arduino/SoftwareSerial/src</pElem>
              <pElem>/Users/jhonep/.platformio/packages/framework-arduinoavr/libraries/__cores__/arduino/Wire/src</pElem>
              <pElem>/Users/jhonep/.platformio/packages/framework-arduinoavr/libraries/Adafruit_CircuitPlayground</pElem>
              <pElem>/Users/jhonep/.platformio/packages/framework-arduinoavr/libraries/Adafruit_CircuitPlayground/utility</pElem>
              <pElem>/Users/jhonep/.platformio/packages/framework-arduinoavr/libraries/Bridge/src</pElem>
              <pElem>/Users/jhonep/.platformio/packages/framework-arduinoavr/libraries/Esplora/src</pElem>
              <pElem>/Users/jhonep/.platformio/packages/framework-arduinoavr/libraries/Ethernet/src</pElem>
              <pElem>/Users/jhonep/.platformio/packages/framework-arduinoavr/libraries/Firmata</pElem>
              <pElem>/Users/jhonep/.platformio/packages/framework-arduinoavr/libraries/Firmata/utility</pElem>
              <pElem>/Users/jhonep/.platformio/packages/framework-arduinoavr/libraries/GSM/src</pElem>
              <pElem>/Users/jhonep/.platformio/packages/framework-arduinoavr/libraries/Keyboard/src</pElem>
              <pElem>/Users/jhonep/.platformio/packages/framework-arduinoavr/libraries/LiquidCrystal/src</pElem>
              <pElem>/Users/jhonep/.platformio/packages/framework-arduinoavr/libraries/Mouse/src</pElem>
              <pElem>/Users/jhonep/.platformio/packages/framework-arduinoavr/libraries/RobotIRremote/src</pElem>
              <pElem>/Users/jhonep/.platformio/packages/framework-arduinoavr/libraries/Robot_Control/src</pElem>
              <pElem>/Users/jhonep/.platformio/packages/framework-arduinoavr/libraries/Robot_Motor/src</pElem>
              <pElem>/Users/jhonep/.platformio/packages/framework-arduinoavr/libraries/SD/src</pElem>
              <pElem>/Users/jhonep/.platformio/packages/framework-arduinoavr/libraries/Servo/src</pElem>
              <pElem>/Users/jhonep/.platformio/packages/framework-arduinoavr/libraries/SpacebrewYun/src</pElem>
              <pElem>/Users/jhonep/.platformio/packages/framework-arduinoavr/libraries/Stepper/src</pElem>
              <pElem>/Users/jhonep/.platformio/packages/framework-arduinoavr/libraries/TFT/src</pElem>
              <pElem>/Users/jhonep/.platformio/packages/framework-arduinoavr/libraries/Temboo/src</pElem>
              <pElem>/Users/jhonep/.platformio/packages/framework-arduinoavr/libraries/WiFi/src</pElem>
              <pElem>/Users/jhonep/.platformio/packages/toolchain-atmelavr/avr/include</pElem>
              <pElem>/Users/jhonep/.platformio/packages/toolchain-atmelavr/lib/gcc/avr/4.9.2/include</pElem>
              <pElem>/Users/jhonep/.platformio/packages/toolchain-atmelavr/lib/gcc/avr/4.9.2/include-fixed</pElem>
              <pElem>/Users/jhonep/.platformio/packages/tool-unity</pElem>
            </incDir>
            <preprocessorList>
              <Elem>ARDUINO=10619</Elem>
              <Elem>ARDUINO_ARCH_AVR</Elem>
              <Elem>ARDUINO_AVR_YUN</Elem>
              <Elem>F_CPU=16000000L</Elem>
              <Elem>PLATFORMIO=30500</Elem>
              <Elem>USB_MANUFACTURER="Arduino"</Elem>
              <Elem>USB_PID=0x0041</Elem>
              <Elem>USB_PRODUCT="Arduino Yun"</Elem>
              <Elem>USB_VID=0x2341</Elem>
              <Elem>__AVR_ATmega32U4__</Elem>
            </preprocessorList>
          </cTool>
          <ccTool>
            <incDir>
              <pElem>src</pElem>
              <pElem>/Users/jhonep/.platformio/packages/framework-arduinoavr/cores/arduino</pElem>
              <pElem>/Users/jhonep/.platformio/packages/framework-arduinoavr/variants/yun</pElem>
              <pElem>/Volumes/Uaoiot/AndroidLib1.4/src</pElem>
              <pElem>/Users/jhonep/.platformio/packages/framework-arduinoavr/libraries/__cores__/arduino/EEPROM/src</pElem>
              <pElem>/Users/jhonep/.platformio/packages/framework-arduinoavr/libraries/__cores__/arduino/HID/src</pElem>
              <pElem>/Users/jhonep/.platformio/packages/framework-arduinoavr/libraries/__cores__/arduino/SPI/src</pElem>
              <pElem>/Users/jhonep/.platformio/packages/framework-arduinoavr/libraries/__cores__/arduino/SoftwareSerial/src</pElem>
              <pElem>/Users/jhonep/.platformio/packages/framework-arduinoavr/libraries/__cores__/arduino/Wire/src</pElem>
              <pElem>/Users/jhonep/.platformio/packages/framework-arduinoavr/libraries/Adafruit_CircuitPlayground</pElem>
              <pElem>/Users/jhonep/.platformio/packages/framework-arduinoavr/libraries/Adafruit_CircuitPlayground/utility</pElem>
              <pElem>/Users/jhonep/.platformio/packages/framework-arduinoavr/libraries/Bridge/src</pElem>
              <pElem>/Users/jhonep/.platformio/packages/framework-arduinoavr/libraries/Esplora/src</pElem>
              <pElem>/Users/jhonep/.platformio/packages/framework-arduinoavr/libraries/Ethernet/src</pElem>
              <pElem>/Users/jhonep/.platformio/packages/framework-arduinoavr/libraries/Firmata</pElem>
              <pElem>/Users/jhonep/.platformio/packages/framework-arduinoavr/libraries/Firmata/utility</pElem>
              <pElem>/Users/jhonep/.platformio/packages/framework-arduinoavr/libraries/GSM/src</pElem>
              <pElem>/Users/jhonep/.platformio/packages/framework-arduinoavr/libraries/Keyboard/src</pElem>
              <pElem>/Users/jhonep/.platformio/packages/framework-arduinoavr/libraries/LiquidCrystal/src</pElem>
              <pElem>/Users/jhonep/.platformio/packages/framework-arduinoavr/libraries/Mouse/src</pElem>
              <pElem>/Users/jhonep/.platformio/packages/framework-arduinoavr/libraries/RobotIRremote/src</pElem>
              <pElem>/Users/jhonep/.platformio/packages/framework-arduinoavr/libraries/Robot_Control/src</pElem>
              <pElem>/Users/jhonep/.platformio/packages/framework-arduinoavr/libraries/Robot_Motor/src</pElem>
              <pElem>/Users/jhonep/.platformio/packages/framework-arduinoavr/libraries/SD/src</pElem>
              <pElem>/Users/jhonep/.platformio/packages/framework-arduinoavr/libraries/Servo/src</pElem>
              <pElem>/Users/jhonep/.platformio/packages/framework-arduinoavr/libraries/SpacebrewYun/src</pElem>
              <pElem>/Users/jhonep/.platformio/packages/framework-arduinoavr/libraries/Stepper/src</pElem>
              <pElem>/Users/jhonep/.platformio/packages/framework-arduinoavr/libraries/TFT/src</pElem>
              <pElem>/Users/jhonep/.platformio/packages/framework-arduinoavr/libraries/Temboo/src</pElem>
              <pElem>/Users/jhonep/.platformio/packages/framework-arduinoavr/libraries/WiFi/src</pElem>
              <pElem>/Users/jhonep/.platformio/packages/toolchain-atmelavr/avr/include</pElem>
              <pElem>/Users/jhonep/.platformio/packages/toolchain-atmelavr/lib/gcc/avr/4.9.2/include</pElem>
              <pElem>/Users/jhonep/.platformio/packages/toolchain-atmelavr/lib/gcc/avr/4.9.2/include-fixed</pElem>
              <pElem>/Users/jhonep/.platformio/packages/tool-unity</pElem>
            </incDir>
            <preprocessorList>
              <Elem>ARDUINO=10619</Elem>
              <Elem>ARDUINO_ARCH_AVR</Elem>
              <Elem>ARDUINO_AVR_YUN</Elem>
              <Elem>F_CPU=16000000L</Elem>
              <Elem>PLATFORMIO=30500</Elem>
              <Elem>USB_MANUFACTURER="Arduino"</Elem>
              <Elem>USB_PID=0x0041</Elem>
              <Elem>USB_PRODUCT="Arduino Yun"</Elem>
              <Elem>USB_VID=0x2341</Elem>
              <Elem>__AVR_ATmega32U4__</Elem>
            </preprocessorList>
          </ccTool>
        </makeTool>
        <preBuild>
          <preBuildCommandWorkingDir>.</preBuildCommandWorkingDir>
          <preBuildCommand></preBuildCommand>
        </preBuild>
      </makefileType>
      <item path="platformio.ini" ex="false" tool="3" flavor2="0">
      </item>
    </conf>
  </confs>
</configurationDescriptor>
