<?xml version="1.0" encoding="UTF-8"?>
<configurationDescriptor version="100">
  <logicalFolder name="root" displayName="root" projectFiles="true" kind="ROOT">
    <df root="." name="0">
      <df name="examples">
        <df name="CleanSketch">
        </df>
        <df name="UaoiotReceiver">
        </df>
        <df name="UaoiotSender">
        </df>
      </df>
      <df name="lib">
      </df>
      <df name="src">
        <df name="lib">
          <in>FP.h</in>
          <in>MQTTClient.h</in>
          <in>MQTTConnect.h</in>
          <in>MQTTConnectClient.c</in>
          <in>MQTTDeserializePublish.c</in>
          <in>MQTTPacket.c</in>
          <in>MQTTPacket.h</in>
          <in>MQTTPublish.h</in>
          <in>MQTTSerializePublish.c</in>
          <in>MQTTSubscribe.h</in>
          <in>MQTTSubscribeClient.c</in>
          <in>MQTTUnsubscribe.h</in>
          <in>MQTTUnsubscribeClient.c</in>
        </df>
        <in>MQTTTest.h</in>
        <in>Network.cpp</in>
        <in>Network.h</in>
        <in>Timer.cpp</in>
        <in>Timer.h</in>
        <in>UAOIOTClient.cpp</in>
        <in>UAOIOTClient.h</in>
        <in>YunMQTTClient.cpp</in>
        <in>YunMQTTClient.h</in>
        <in>main.back.cpp</in>
      </df>
      <in>platformio.ini</in>
    </df>
  </logicalFolder>
  <projectmakefile></projectmakefile>
  <confs>
    <conf name="Default" type="0">
      <toolsSet>
        <developmentServer>localhost</developmentServer>
        <platform>4</platform>
      </toolsSet>
      <compile>
        <compiledirpicklist>
          <compiledirpicklistitem>.</compiledirpicklistitem>
          <compiledirpicklistitem>${AUTO_FOLDER}</compiledirpicklistitem>
        </compiledirpicklist>
        <compiledir>${AUTO_FOLDER}</compiledir>
        <compilecommandpicklist>
          <compilecommandpicklistitem>${MAKE} ${ITEM_NAME}.o</compilecommandpicklistitem>
          <compilecommandpicklistitem>${AUTO_COMPILE}</compilecommandpicklistitem>
        </compilecommandpicklist>
        <compilecommand>${AUTO_COMPILE}</compilecommand>
      </compile>
      <dbx_gdbdebugger version="1">
        <gdb_pathmaps>
        </gdb_pathmaps>
        <gdb_interceptlist>
          <gdbinterceptoptions gdb_all="false" gdb_unhandled="true" gdb_unexpected="true"/>
        </gdb_interceptlist>
        <gdb_options>
          <DebugOptions>
          </DebugOptions>
        </gdb_options>
        <gdb_buildfirst gdb_buildfirst_overriden="false" gdb_buildfirst_old="false"/>
      </dbx_gdbdebugger>
      <nativedebugger version="1">
        <engine>gdb</engine>
      </nativedebugger>
      <runprofile version="9">
        <runcommandpicklist>
          <runcommandpicklistitem>"${OUTPUT_PATH}"</runcommandpicklistitem>
          <runcommandpicklistitem>/usr/local/bin/platformio -f -c netbeans run -t upload</runcommandpicklistitem>
          <runcommandpicklistitem>/usr/local/bin/platformio -f -c netbeans run -t upload &amp;&amp; screen /dev/cu.</runcommandpicklistitem>
          <runcommandpicklistitem>"/usr/local/bin/platformio -f -c netbeans run -t upload" &amp;&amp; "screen /dev/cu.usbmodem1421 9600"</runcommandpicklistitem>
          <runcommandpicklistitem>'/usr/local/bin/platformio -f -c netbeans run -t upload' &amp;&amp; screen /dev/cu.usbmodem1421 9600</runcommandpicklistitem>
          <runcommandpicklistitem>'platformio -f -c netbeans run -t upload' &amp;&amp; screen /dev/cu.usbmodem1421 9600</runcommandpicklistitem>
          <runcommandpicklistitem>/usr/local/bin/platformio -f -c netbeans run -t upload &amp;&amp; screen /dev/cu.usbmodem1421 9600</runcommandpicklistitem>
          <runcommandpicklistitem>/usr/local/bin/platformio -f -c netbeans run -t upload ; screen /dev/cu.usbmodem1421 9600</runcommandpicklistitem>
          <runcommandpicklistitem>./test.sh</runcommandpicklistitem>
          <runcommandpicklistitem>./upload.sh</runcommandpicklistitem>
        </runcommandpicklist>
        <runcommand>./upload.sh</runcommand>
        <rundir></rundir>
        <buildfirst>false</buildfirst>
        <terminal-type>0</terminal-type>
        <remove-instrumentation>0</remove-instrumentation>
        <environment>
        </environment>
      </runprofile>
    </conf>
  </confs>
</configurationDescriptor>
